contrast	k	m	n	pvalor
Autophagy	37	362	106	7.408089061661177e-57
Mitochondrial biogenesis	30	399	106	9.552467829669024e-42
Mitochondrial organization	52	734	106	7.50090216362431e-73
Mitophagy	11	92	106	4.520985301104828e-18
